College Name,Reason,City,State,Rank,Wikipedia Page,Wikidata ID,Logo Source,Logo URL,Logo Path,Confidence
"Indian Institute Of Science Education & Research, Mohali",All Tiers Exhausted,,,,,,,,,
Indian Institute of Science Bangalore,All Tiers Exhausted,,,,,,,,,
"Indian Institute of Science, Bengaluru",All Tiers Exhausted,,,,,,,,,
"Indian Institute Of Technology, Kanpur",All Tiers Exhausted,,,,,,,,,
NIT Trichy - National Institute of Technology Tiruchirappalli,All Tiers Exhausted,,,,,,,,,
Indian Institute of Technology Guwahati,All Tiers Exhausted,,,,,,,,,
NIT Surathkal - National Institute of Technology Karnataka,All Tiers Exhausted,,,,,,,,,
"Anna University, Chennai",All Tiers Exhausted,,,,,,,,,
"Jadavpur University, Kolkata",All Tiers Exhausted,,,,,,,,,
"Indian Institute Of Technology, North Guwahati",All Tiers Exhausted,,,,,,,,,
University of Hyderabad,All Tiers Exhausted,,,,,,,,,
Calcutta University,All Tiers Exhausted,,,,,,,,,
"Amrita Vishwa Vidyapeetham, Coimbatore",All Tiers Exhausted,,,,,,,,,
"Jamia Millia Islamia,New Delhi",All Tiers Exhausted,,,,,,,,,
JMI New Delhi - Jamia Millia Islamia,All Tiers Exhausted,,,,,,,,,
"Indian Institute Of Technology (Banaras Hindu University), Varanasi",All Tiers Exhausted,,,,,,,,,
Manipal Academy of Higher Education-Manipal,All Tiers Exhausted,,,,,,,,,
Savitribai Phule Pune University,All Tiers Exhausted,,,,,,,,,
ICT Mumbai - Institute of Chemical Technology,All Tiers Exhausted,,,,,,,,,
"National Institute Of Technology, Rourkela-Rourkela",All Tiers Exhausted,,,,,,,,,
Homi Bhabha National Institute,All Tiers Exhausted,,,,,,,,,
Bharathiar University,All Tiers Exhausted,,,,,,,,,
"College Of Engineering, Pune",All Tiers Exhausted,,,,,,,,,
S.R.M. Institute of Science and Technology,All Tiers Exhausted,,,,,,,,,
Indian Institute of Science Education & Research Pune,All Tiers Exhausted,,,,,,,,,
Psg College Of Technology-Coimbatore,All Tiers Exhausted,,,,,,,,,
Siksha `O` Anusandhan,All Tiers Exhausted,,,,,,,,,
Indian Institute of Technology (Indian School of Mines),All Tiers Exhausted,,,,,,,,,
Indian Institute of Science Education & Research Kolkata,All Tiers Exhausted,,,,,,,,,
"Indian Institute Of Technology, Bhubaneswar",All Tiers Exhausted,,,,,,,,,
KIIT University - Kalinga Institute of Industrial Technology,All Tiers Exhausted,,,,,,,,,
"National Institute of Technology Karnataka, Surathkal",All Tiers Exhausted,,,,,,,,,
"National Institute Of Technology, Warangal",All Tiers Exhausted,,,,,,,,,
"Andhra University College of Engineering, Visakhapatnam",All Tiers Exhausted,,,,,,,,,
Thiagarajar College Of Engineering-Madurai,All Tiers Exhausted,,,,,,,,,
University of Madras,All Tiers Exhausted,,,,,,,,,
Amrita School Of Engineering,All Tiers Exhausted,,,,,,,,,
VNIT Nagpur - Visvesvaraya National Institute of Technology,All Tiers Exhausted,,,,,,,,,
"Chandigarh University, Chandigarh",All Tiers Exhausted,,,,,,,,,
Kalinga Institue Of Industrial Technology,All Tiers Exhausted,,,,,,,,,
"Panjab University, Chandigarh",All Tiers Exhausted,,,,,,,,,
Mysore University,All Tiers Exhausted,,,,,,,,,
DTU Delhi - Delhi Technological University,All Tiers Exhausted,,,,,,,,,
Bharath Institute of Higher Education & Research,All Tiers Exhausted,,,,,,,,,
Kerala University,All Tiers Exhausted,,,,,,,,,
IIEST Shibpur - Indian Institute of Engineering Science and Technology,All Tiers Exhausted,,,,,,,,,
JSS Academy of Higher Education and Research,All Tiers Exhausted,,,,,,,,,
Indian Institute of Science Education & Research Bhopal,All Tiers Exhausted,,,,,,,,,
"Kalasalingam Academy of Research and Education, Virudhunagar",All Tiers Exhausted,,,,,,,,,
Symbiosis International University,All Tiers Exhausted,,,,,,,,,
Koneru Lakshmaiah Education Foundation University,All Tiers Exhausted,,,,,,,,,
Thapar Institute of Engineering and Technology (Deemed-to-be-university),All Tiers Exhausted,,,,,,,,,
Jamia Millia Islamia (A Central University),All Tiers Exhausted,,,,,,,,,
Indian Institute of Science Education and Research Pune,All Tiers Exhausted,,,,,,,,,
IIST Thiruvananthapuram - Indian Institute of Space Science and Technology,All Tiers Exhausted,,,,,,,,,
Gauhati University,All Tiers Exhausted,,,,,,,,,
KL University Guntur - Koneru Lakshmaiah Education Foundation,All Tiers Exhausted,,,,,,,,,
"Indian Institute Of Engineering Science And Technology, Shibpur",All Tiers Exhausted,,,,,,,,,
"Institute Of Technology, Nirma University",All Tiers Exhausted,,,,,,,,,
KEC Erode - Kongu Engineering College,All Tiers Exhausted,,,,,,,,,
"Tezpur University, Tezpur",All Tiers Exhausted,,,,,,,,,
sona College Of Technology-Salem,All Tiers Exhausted,,,,,,,,,
SSN College of Engineering - Sri Sivasubramaniya Nadar College of Engineering,All Tiers Exhausted,,,,,,,,,
Pondicherry Engineering College,All Tiers Exhausted,,,,,,,,,
Mahatma Gandhi University,All Tiers Exhausted,,,,,,,,,
"Amrita Viswa Vidyapeetham-Amrita Nagar (Po) ,Ettimadai",All Tiers Exhausted,,,,,,,,,
G. B. Pant Universtiy of Agriculture and Technology,All Tiers Exhausted,,,,,,,,,
Kumaraguru College Of Technology-Coimbatore,All Tiers Exhausted,,,,,,,,,
B.S. Abdur Rahman Institute Of Science And Technology,All Tiers Exhausted,,,,,,,,,
Bharathidasan University,All Tiers Exhausted,,,,,,,,,
Sant Longowal Institute Of Engineering & Technology-Sangrur,All Tiers Exhausted,,,,,,,,,
National Institute of Technology Surathkal,All Tiers Exhausted,,,,,,,,,
Itm University - Gwalior (School Of Engineering & Technology)-Gwalior,All Tiers Exhausted,,,,,,,,,
"National Institute of Pharmaceutical Education and Research, Hyderabad",All Tiers Exhausted,,,,,,,,,
Indian Institute of Science Education & Research Thiruvananthapuram,All Tiers Exhausted,,,,,,,,,
University of Kashmir,All Tiers Exhausted,,,,,,,,,
"Banasthali Vidyapith, Banasthali",All Tiers Exhausted,,,,,,,,,
Pondicherry University,All Tiers Exhausted,,,,,,,,,
JIIT Noida - Jaypee Institute of Information Technology,All Tiers Exhausted,,,,,,,,,
"National Institute of Mental Health & Neuro Sciences, Bangalore",All Tiers Exhausted,,,,,,,,,
Sri Ramachandra University,All Tiers Exhausted,,,,,,,,,
Indian Institute of Science Education and Research Kolkata,All Tiers Exhausted,,,,,,,,,
Bannari Amman Institute Of Technology-Sathyamangalam,All Tiers Exhausted,,,,,,,,,
Dr. D. Y. Patil Vidyapeeth Pune,All Tiers Exhausted,,,,,,,,,
"Graphic Era University, Dehradun",All Tiers Exhausted,,,,,,,,,
Indian Institute of Science Education and Research Mohali,All Tiers Exhausted,,,,,,,,,
"National Institute Of Technology, Silchar",All Tiers Exhausted,,,,,,,,,
Noorul Islam Centre For Higher Education,All Tiers Exhausted,,,,,,,,,
"National Institute Of Technology, Srinagar",All Tiers Exhausted,,,,,,,,,
SVU Tirupati - Sri Venkateswara University,All Tiers Exhausted,,,,,,,,,
Madurai Kamraj University,All Tiers Exhausted,,,,,,,,,
Babasheb Bhimrao Ambedkar University,All Tiers Exhausted,,,,,,,,,
Chaitanya Bharathi Institute Of Technology-Hyderabad,All Tiers Exhausted,,,,,,,,,
Hindustan Institute Of Technology And Science (Hits),All Tiers Exhausted,,,,,,,,,
Sagi Ramakrishnam Raju Engineering College-Bhimavaram,All Tiers Exhausted,,,,,,,,,
GGSIPU Delhi - Guru Gobind Singh Indraprastha University,All Tiers Exhausted,,,,,,,,,
Kasegaon Education Societys Rajarambapu Institute Of Technology-Islampur,All Tiers Exhausted,,,,,,,,,
"Indian Statistical Institute, Kolkata",All Tiers Exhausted,,,,,,,,,
"National Institute Of Technology, Goa",All Tiers Exhausted,,,,,,,,,
Chaudhary Charan Singh Haryana Agricultural University,All Tiers Exhausted,,,,,,,,,
"Pandit Dwarka Prasad Mishra Indian Institute Of Information Technology, Design And Manufacturing (IIITDM), Jabalpur",All Tiers Exhausted,,,,,,,,,
University of Jammu,All Tiers Exhausted,,,,,,,,,
Visvesvaraya National Institute of Technology Nagpur,All Tiers Exhausted,,,,,,,,,
Dr. B. R. Ambedkar National Institute of Technology,All Tiers Exhausted,,,,,,,,,
Indian Institute of Science Education and Research Bhopal,All Tiers Exhausted,,,,,,,,,
"Indian Institute Of Information Technology, Design & Manufacturing (IIITD&M) Kancheepuram-Chennai",All Tiers Exhausted,,,,,,,,,
Sri Sivasubrmaniya Nadar College of Engineering,All Tiers Exhausted,,,,,,,,,
Centurion Institute Of Technology,All Tiers Exhausted,,,,,,,,,
Guru Angad Dev Veterinary & Animal Sciences University,All Tiers Exhausted,,,,,,,,,
Mumbai University,All Tiers Exhausted,,,,,,,,,
Madurai Kamaraj University,All Tiers Exhausted,,,,,,,,,
VJTI Mumbai - Veermata Jijabai Technological Institute,All Tiers Exhausted,,,,,,,,,
Dr. Y.S.Parmar University of Horticulture & Forestry,All Tiers Exhausted,,,,,,,,,
KLE Academy of Higher Education and Research,All Tiers Exhausted,,,,,,,,,
K. K. Wagh Institute Of Engineering Education & Research-Nashik,All Tiers Exhausted,,,,,,,,,
University of Agricultural Sciences,All Tiers Exhausted,,,,,,,,,
Indian Institute of Crop Processing Technology,All Tiers Exhausted,,,,,,,,,
"Vignan's Foundation For Science, Technology And Research",All Tiers Exhausted,,,,,,,,,
Shri Guru Gobind Singhji Institute Of Engineering And Technology-Nanded,All Tiers Exhausted,,,,,,,,,
International Institute of Information Technology Hyderabad,All Tiers Exhausted,,,,,,,,,
DEI Agra - Dayalbagh Educational Institute,All Tiers Exhausted,,,,,,,,,
"Christ University, Bangalore",All Tiers Exhausted,,,,,,,,,
Sri Ramakrishna Engineering College-Coimbatore,All Tiers Exhausted,,,,,,,,,
Calicut University,All Tiers Exhausted,,,,,,,,,
Bengal Institute Of Technology,All Tiers Exhausted,,,,,,,,,
"Annamalai University, Annamalai Nagar",All Tiers Exhausted,,,,,,,,,
"National Institute Of Technology, Delhi",All Tiers Exhausted,,,,,,,,,
Adhiyamaan College Of Engineering (Engineering & Technology),All Tiers Exhausted,,,,,,,,,
Mizoram University,All Tiers Exhausted,,,,,,,,,
KUK Kurukshetra - Kurukshetra University,All Tiers Exhausted,,,,,,,,,
NIE Mysore - The National Institute of Engineering,All Tiers Exhausted,,,,,,,,,
Acharya Nagarjuna University,All Tiers Exhausted,,,,,,,,,
Anand Institute Of Higher Technology,All Tiers Exhausted,,,,,,,,,
Goa University,All Tiers Exhausted,,,,,,,,,
NMIT Bangalore - Nitte Meenakshi Institute of Technology,All Tiers Exhausted,,,,,,,,,
University Institute Of Chemical Engineering And Technology,All Tiers Exhausted,,,,,,,,,
IIT Madras - Indian Institute of Technology,All Tiers Exhausted,,,,,,,,,
NIT Rourkela - National Institute of Technology,All Tiers Exhausted,,,,,,,,,
MSRIT Bangalore - Ramaiah Institute of Technology,All Tiers Exhausted,,,,,,,,,
DIAT Pune - Defence Institute of Advanced Technology,All Tiers Exhausted,,,,,,,,,
COEP Pune - College of Engineering,All Tiers Exhausted,,,,,,,,,
SKCET Coimbatore - Sri Krishna College of Engineering and Technology,All Tiers Exhausted,,,,,,,,,
IIITDM Jabalpur - PDPM Indian Institute of Information Technology Design and Manufacturing,All Tiers Exhausted,,,,,,,,,
BMSCE Bangalore - BMS College of Engineering,All Tiers Exhausted,,,,,,,,,
RVCE Bangalore - RV College of Engineering,All Tiers Exhausted,,,,,,,,,
"SR University, Warangal",All Tiers Exhausted,,,,,,,,,
"Rajalakshmi Engineering College, Chennai",All Tiers Exhausted,,,,,,,,,
"The NorthCap University, Gurgaon",All Tiers Exhausted,,,,,,,,,
SMVDU Katra - Shri Mata Vaishno Devi University,All Tiers Exhausted,,,,,,,,,
BSAU Chennai - BS Abdur Rahman Crescent Institute of Science and Technology,All Tiers Exhausted,,,,,,,,,
MRIIRS Faridabad - Manav Rachna International Institute of Research and Studies,All Tiers Exhausted,,,,,,,,,
"Pandit Deendayal Energy University, Gandhinagar",All Tiers Exhausted,,,,,,,,,
"College of Engineering, Trivandrum",All Tiers Exhausted,,,,,,,,,
Amity University Gurgaon - Amity University,All Tiers Exhausted,,,,,,,,,
"Jain University, Bangalore",All Tiers Exhausted,,,,,,,,,
MIT-WPU Pune - Dr Vishwanath Karad MIT World Peace University,All Tiers Exhausted,,,,,,,,,
NHCE Bangalore - New Horizon College of Engineering,All Tiers Exhausted,,,,,,,,,
"Sri Krishna College of Technology, Coimbatore",All Tiers Exhausted,,,,,,,,,
PSGITECH Coimbatore - PSG Institute of Technology and Applied Research,All Tiers Exhausted,,,,,,,,,
"Mepco Schlenk Engineering College, Sivakasi",All Tiers Exhausted,,,,,,,,,
DAIICT Gandhinagar - Dhirubhai Ambani Institute of Information and Communication Technology,All Tiers Exhausted,,,,,,,,,
NIT Puducherry - National Institute of Technology Puducherry Karaikal,All Tiers Exhausted,,,,,,,,,
PESCE Mandya - PES College of Engineering,All Tiers Exhausted,,,,,,,,,
JUIT Solan - Jaypee University of Information Technology,All Tiers Exhausted,,,,,,,,,
"CEC Landran - Chandigarh Engineering College, Landran Campus",All Tiers Exhausted,,,,,,,,,
"Anurag University, Hyderabad",All Tiers Exhausted,,,,,,,,,
VRSEC Vijayawada - Velagapudi Ramakrishna Siddhartha Engineering College,All Tiers Exhausted,,,,,,,,,
NIET Greater Noida - Noida Institute of Engineering and Technology,All Tiers Exhausted,,,,,,,,,
GRIET Hyderabad - Gokaraju Rangaraju Institute of Engineering and Technology,All Tiers Exhausted,,,,,,,,,
MSU Baroda - Maharaja Sayajirao University of Baroda,All Tiers Exhausted,,,,,,,,,
PEC Puducherry - Puducherry Technological University,All Tiers Exhausted,,,,,,,,,
HITS Chennai - Hindustan Institute of Technology and Science,All Tiers Exhausted,,,,,,,,,
"Amity University, Gwalior",All Tiers Exhausted,,,,,,,,,
"Mahindra University, Hyderabad",All Tiers Exhausted,,,,,,,,,
"RMK Engineering College, Thiruvallur",All Tiers Exhausted,,,,,,,,,
Vels University Chennai - Vel's Institute of Science Technology and Advanced Studies,All Tiers Exhausted,,,,,,,,,
"Silicon Institute of Technology, Bhubaneswar",All Tiers Exhausted,,,,,,,,,
"Vardhaman College of Engineering, Hyderabad",All Tiers Exhausted,,,,,,,,,
GHRCE Nagpur - GH Raisoni College of Engineering,All Tiers Exhausted,,,,,,,,,
"Sree Vidyanikethan Engineering College, Tirupati (SVEC Tirupati) - School of Engineering and Technology, Mohan Babu University",All Tiers Exhausted,,,,,,,,,
"Rabindranath Tagore University, Raisen",All Tiers Exhausted,,,,,,,,,
SPIT Mumbai - Sardar Patel Institute of Technology,All Tiers Exhausted,,,,,,,,,
NEC Kovilpatti - National Engineering College,All Tiers Exhausted,,,,,,,,,
"CVR College of Engineering, Hyderabad",All Tiers Exhausted,,,,,,,,,
AIT Pune - Army Institute of Technology,All Tiers Exhausted,,,,,,,,,
"NMAM Institute of Technology, Karkala Taluk",All Tiers Exhausted,,,,,,,,,
IGDTUW Delhi - Indira Gandhi Delhi Technical University for Women,All Tiers Exhausted,,,,,,,,,
SLIET Longowal - Sant Longowal Institute of Engineering and Technology,All Tiers Exhausted,,,,,,,,,
CMRIT Bangalore - CMR Institute of Technology,All Tiers Exhausted,,,,,,,,,
IIITDM Kancheepuram - Indian Institute of Information Technology Design and Manufacturing,All Tiers Exhausted,,,,,,,,,
GMRIT Rajam - GMR Institute of Technology,All Tiers Exhausted,,,,,,,,,
GCET Greater Noida - Galgotias College of Engineering and Technology,All Tiers Exhausted,,,,,,,,,
DYPIET Pimpri - Dr DY Patil Institute of Technology,All Tiers Exhausted,,,,,,,,,
"KLE Technological University, Hubballi",All Tiers Exhausted,,,,,,,,,
DJSCE Mumbai - Dwarkadas J Sanghvi College of Engineering,All Tiers Exhausted,,,,,,,,,
VJIT Hyderabad - Vidya Jyothi Institute of Technology,All Tiers Exhausted,,,,,,,,,
BNMIT Bangalore - BNM Institute of Technology,All Tiers Exhausted,,,,,,,,,
BVRIT Narsapur - BV Raju Institute of Technology,All Tiers Exhausted,,,,,,,,,
BVRIT Hyderabad - BVRIT Hyderabad College of Engineering for Women,All Tiers Exhausted,,,,,,,,,
"CMR Institute of Technology, Hyderabad",All Tiers Exhausted,,,,,,,,,
"CMR Technical Campus, Hyderabad",All Tiers Exhausted,,,,,,,,,
"Dr MGR Educational and Research Institute, Chennai",All Tiers Exhausted,,,,,,,,,
GITA Bhubaneswar - Gandhi Institute for Technological Advancement,All Tiers Exhausted,,,,,,,,,
GIET Rajahmundry - Godavari Institute of Engineering and Technology,All Tiers Exhausted,,,,,,,,,
GEC Thrissur - Government Engineering College,All Tiers Exhausted,,,,,,,,,
"JIS College of Engineering, Nadia",All Tiers Exhausted,,,,,,,,,
JNTUCEK Kakinada - Jawaharlal Nehru Technological University College of Engineering,All Tiers Exhausted,,,,,,,,,
KPRIET Coimbatore - KPR Institute of Engineering and Technology,All Tiers Exhausted,,,,,,,,,
KITSW Warangal - Kakatiya Institute of Technology and Science,All Tiers Exhausted,,,,,,,,,
"MKSSS's Cummins College of Engineering for Women, Pune",All Tiers Exhausted,,,,,,,,,
MAIT Delhi - Maharaja Agrasen Institute of Technology,All Tiers Exhausted,,,,,,,,,
"Panimalar Engineering College, Chennai",All Tiers Exhausted,,,,,,,,,
PVPSIT Vijayawada - Prasad V Potluri Siddhartha Institute of Technology,All Tiers Exhausted,,,,,,,,,
"RMD Engineering College, Thiruvallur",All Tiers Exhausted,,,,,,,,,
RMKCET Thiruvallur - RMK College of Engineering and Technology,All Tiers Exhausted,,,,,,,,,
"RVR and JC College of Engineering, Guntur",All Tiers Exhausted,,,,,,,,,
RSET Kochi - Rajagiri School of Engineering and Technology,All Tiers Exhausted,,,,,,,,,
"SNS College of Technology, Coimbatore",All Tiers Exhausted,,,,,,,,,
SGSITS Indore - Shri Govindram Seksaria Institute of Technology and Science,All Tiers Exhausted,,,,,,,,,
SVECW Bhimavaram - Shri Vishnu Engineering College for Women,All Tiers Exhausted,,,,,,,,,
SMIT Sikkim - Sikkim Manipal Institute of Technology,All Tiers Exhausted,,,,,,,,,
"Vignan Institute of Technology and Science, Nalgonda",All Tiers Exhausted,,,,,,,,,
"Walchand College of Engineering, Sangli",All Tiers Exhausted,,,,,,,,,
"ABES Engineering College, Ghaziabad",All Tiers Exhausted,,,,,,,,,
"Ajeenkya DY Patil School of Engineering, Pune",All Tiers Exhausted,,,,,,,,,
"Alliance University, Bangalore",All Tiers Exhausted,,,,,,,,,
BEC Bagalkot - BVV Sangha's Basaveshwar Engineering College,All Tiers Exhausted,,,,,,,,,
"EGS Pillay Engineering College, Nagapattinam",All Tiers Exhausted,,,,,,,,,
GNITS Hyderabad - G Narayanamma Institute of Technology and Science For Women,All Tiers Exhausted,,,,,,,,,
"GIET University, Gunupur",All Tiers Exhausted,,,,,,,,,
GVPCE Visakhapatnam - Gayatri Vidya Parishad College of Engineering,All Tiers Exhausted,,,,,,,,,
Haldia Institute of Technology (HIT) Haldia - Haldia Institute of Technology,All Tiers Exhausted,,,,,,,,,
"Integral University, Lucknow",All Tiers Exhausted,,,,,,,,,
"K Ramakrishnan College of Engineering, Tiruchirappalli",All Tiers Exhausted,,,,,,,,,
"KJ Somaiya College of Engineering, Mumbai",All Tiers Exhausted,,,,,,,,,
KIT Coimbatore - Kalaignar Karunanidhi Institute of Technology,All Tiers Exhausted,,,,,,,,,
"Karpagam College of Engineering, Coimbatore",All Tiers Exhausted,,,,,,,,,
LBRCE Mylavaram - Lakireddy Bali Reddy College of Engineering,All Tiers Exhausted,,,,,,,,,
LNCT Bhopal - Lakshmi Narain College of Technology,All Tiers Exhausted,,,,,,,,,
MGIT Hyderabad - Mahatma Gandhi Institute of Technology,All Tiers Exhausted,,,,,,,,,
"Manav Rachna University, Faridabad",All Tiers Exhausted,,,,,,,,,
"Narasaraopeta Engineering College, Narasaraopet",All Tiers Exhausted,,,,,,,,,
PCCOE Pune - Pimpri Chinchwad College of Engineering,All Tiers Exhausted,,,,,,,,,
QISCET Ongole - QIS College of Engineering and Technology,All Tiers Exhausted,,,,,,,,,
JSPM's Rajarshi Shahu College of Engineering Tathawade - Rajarshi Shahu College of Engineering,All Tiers Exhausted,,,,,,,,,
RAIT Navi Mumbai - Ramrao Adik Institute of Technology,All Tiers Exhausted,,,,,,,,,
SDMCET Dharwad - SDM College of Engineering and Technology,All Tiers Exhausted,,,,,,,,,
"Sri Guru Granth Sahib World University, Fatehgarh Sahib",All Tiers Exhausted,,,,,,,,,
"St Joseph's College of Engineering, Chennai",All Tiers Exhausted,,,,,,,,,
VVCE Mysore - Vidyavardhaka College of Engineering,All Tiers Exhausted,,,,,,,,,
Yeshwantrao Chavan College Of Engineering-Nagpur,,NAGPUR,Maharashtra,93.0,Yashwantrao Chavan College of Engineering,Q8052911,Tier 1: Wikipedia Page Image,https://upload.wikimedia.org/wikipedia/en/thumb/8/8a/OOjs_UI_icon_edit-ltr-progressive.svg/500px-OOjs_UI_icon_edit-ltr-progressive.svg.png,logos\yeshwantrao_chavan_college_of_engineering_nagpur.png,Very High (Wikipedia)
"Siddhartha Institute of Technology and Sciences, Ghatkesar",,Krishna,Andhra Pradesh,294.0,List of pharmacy schools,Q6633347,Tier 1: Wikipedia Page Image,https://upload.wikimedia.org/wikipedia/en/thumb/9/99/Question_book-new.svg/500px-Question_book-new.svg.png,logos\siddhartha_institute_of_technology_and_sciences_ghatkesar.png,Very High (Wikipedia)
"Indian Institute Of Technology, Bombay",,Bombay,Maharashtra,2.0,List of IIT Bombay people,Q65082219,Tier 1: Wikipedia Page Image,https://upload.wikimedia.org/wikipedia/en/thumb/4/4a/Commons-logo.svg/500px-Commons-logo.svg.png,logos\indian_institute_of_technology_bombay.png,Very High (Wikipedia)
MIT Manipal - Manipal Institute of Technology,,MANIPAL,Karnataka,39.0,Manipal Institute of Technology,Q6749812,Tier 1: Wikipedia Infobox,https://upload.wikimedia.org/wikipedia/en/b/be/Manipal_Tech_new_logo.png,logos\mit_manipal_manipal_institute_of_technology.png,Very High (Wikipedia)
"University Institute Of Chemical Technology, North Maharashtra University, Jalgaon",,JALGAON,Maharashtra,68.0,List of institutions of higher education in Maharashtra,Q14315812,Tier 1: Wikipedia Page Image,https://upload.wikimedia.org/wikipedia/en/thumb/f/f2/Edit-clear.svg/500px-Edit-clear.svg.png,logos\university_institute_of_chemical_technology_north_maharashtra_university_jalgaon.png,Very High (Wikipedia)
Datta Meghe Institute of Higher Education and Research,,Wardha,Maharashtra,71.0,List of institutions of higher education in Maharashtra,Q14315812,Tier 1: Wikipedia Page Image,https://upload.wikimedia.org/wikipedia/en/thumb/f/f2/Edit-clear.svg/500px-Edit-clear.svg.png,logos\datta_meghe_institute_of_higher_education_and_research.png,Very High (Wikipedia)
Sher-e-Kashmir University of Agricultural Science and Technology of Kashmir,,Srinagar,Jammu and Kashmir,94.0,Sher-e-Kashmir University of Agricultural Sciences and Technology of Kashmir,Q7494595,Tier 1: Wikipedia Page Image,https://upload.wikimedia.org/wikipedia/en/thumb/8/8a/OOjs_UI_icon_edit-ltr-progressive.svg/500px-OOjs_UI_icon_edit-ltr-progressive.svg.png,logos\sher_e_kashmir_university_of_agricultural_science_and_technology_of_kashmir.png,Very High (Wikipedia)
Manipal University Jaipur,,Jaipur,Rajasthan,98.0,Manipal University,Q122213157,Tier 1: Wikipedia Page Image,https://upload.wikimedia.org/wikipedia/en/thumb/5/5f/Disambig_gray.svg/500px-Disambig_gray.svg.png,logos\manipal_university_jaipur.png,Very High (Wikipedia)
Noida Institute Of Engineering & Technology,,GAUTAM BUDH NAGAR,Uttar Pradesh,99.0,List of institutions of higher education in Uttar Pradesh,Q6624102,Tier 5: Header Logo,http://aktu.ac.in/images/logo.png,logos\noida_institute_of_engineering_technology.png,Medium
"Galgotias University, Greater Noida",,Greater Noida,Uttar Pradesh,147.0,Galgotias University,Q5518530,Tier 1: Wikipedia Page Image,https://upload.wikimedia.org/wikipedia/en/thumb/4/4a/Commons-logo.svg/500px-Commons-logo.svg.png,logos\galgotias_university_greater_noida.png,Very High (Wikipedia)
"Sri Sai Ram Engineering College, Chennai",,Chennai,Tamil Nadu,157.0,List of engineering colleges in Tamil Nadu,Q6618896,Tier 1: Wikipedia Page Image,https://upload.wikimedia.org/wikipedia/en/thumb/9/99/Question_book-new.svg/500px-Question_book-new.svg.png,logos\sri_sai_ram_engineering_college_chennai.png,Very High (Wikipedia)
GCT Coimbatore - Government College of Technology,,Ranavav,Gujarat,160.0,Government College of Technology,Q5588760,Tier 1: Wikipedia Page Image,https://upload.wikimedia.org/wikipedia/en/thumb/5/5f/Disambig_gray.svg/500px-Disambig_gray.svg.png,logos\gct_coimbatore_government_college_of_technology.png,Very High (Wikipedia)
CIT Chennai - Chennai Institute of Technology,,CHENNAI,Tamil Nadu,175.0,Chennai Institute of Technology,Q16257923,Tier 1: Wikipedia Page Image,https://upload.wikimedia.org/wikipedia/en/thumb/b/b4/Ambox_important.svg/500px-Ambox_important.svg.png,logos\cit_chennai_chennai_institute_of_technology.png,Very High (Wikipedia)
"KIET Group of Institutions, Ghaziabad (KIET Ghaziabad) - KIET Group of Institutions",,Ghaziabad,Uttar Pradesh,187.0,,,Tier 7: Common Path,https://aktu.ac.in/images/logo.png,logos\kiet_group_of_institutions_ghaziabad_kiet_ghaziabad_kiet_group_of_institutions.png,Medium
MMU Ambala - Maharishi Markandeshwar University,,Ambala,Haryana,191.0,Maharishi Markandeshwar University,Q48440950,Tier 1: Wikipedia Page Image,https://upload.wikimedia.org/wikipedia/en/thumb/5/5f/Disambig_gray.svg/500px-Disambig_gray.svg.png,logos\mmu_ambala_maharishi_markandeshwar_university.png,Very High (Wikipedia)
"CMR College of Engineering and Technology, Hyderabad",,Hyderabad,Telangana,206.0,"CMR Institute of Technology, Hyderabad",Q5012994,Tier 1: Wikipedia Page Image,https://upload.wikimedia.org/wikipedia/en/thumb/8/8a/OOjs_UI_icon_edit-ltr-progressive.svg/500px-OOjs_UI_icon_edit-ltr-progressive.svg.png,logos\cmr_college_of_engineering_and_technology_hyderabad.png,Very High (Wikipedia)
JNTUA CEA Anantapur - JNTUA College of Engineering,,Kaithal,Haryana,222.0,"Sri Venkateswara College of Engineering, Tirupati",Q7586321,Tier 1: Wikipedia Page Image,https://upload.wikimedia.org/wikipedia/en/thumb/9/99/Question_book-new.svg/500px-Question_book-new.svg.png,logos\jntua_cea_anantapur_jntua_college_of_engineering.png,Very High (Wikipedia)
"Malla Reddy Engineering College, Secunderabad",,Secunderabad,Telangana,228.0,"International Institute of Information Technology, Hyderabad",Q1666653,Tier 1: Wikipedia Infobox,https://upload.wikimedia.org/wikipedia/en/e/e1/International_Institute_of_Information_Technology%2C_Hyderabad_logo.png,logos\malla_reddy_engineering_college_secunderabad.png,Very High (Wikipedia)
"Sri Sai Ram Institute of Technology, Chennai",,Chennai,Tamil Nadu,246.0,List of engineering colleges in Tamil Nadu,Q6618896,Tier 1: Wikipedia Page Image,https://upload.wikimedia.org/wikipedia/en/thumb/9/99/Question_book-new.svg/500px-Question_book-new.svg.png,logos\sri_sai_ram_institute_of_technology_chennai.png,Very High (Wikipedia)
ANITS Visakhapatnam - Anil Neerukonda Institute of Technology and Sciences,,Visakhapatnam,Andhra Pradesh,255.0,List of educational institutions in Visakhapatnam,Q60518848,Tier 1: Wikipedia Page Image,https://upload.wikimedia.org/wikipedia/en/thumb/4/4a/Commons-logo.svg/500px-Commons-logo.svg.png,logos\anits_visakhapatnam_anil_neerukonda_institute_of_technology_and_sciences.png,Very High (Wikipedia)
"CMR Engineering College, Hyderabad",,Hyderabad,Telangana,258.0,"CMR Institute of Technology, Hyderabad",Q5012994,Tier 1: Wikipedia Page Image,https://upload.wikimedia.org/wikipedia/en/thumb/8/8a/OOjs_UI_icon_edit-ltr-progressive.svg/500px-OOjs_UI_icon_edit-ltr-progressive.svg.png,logos\cmr_engineering_college_hyderabad.png,Very High (Wikipedia)
JSSATE Noida - JSS Academy of Technical Education,,Gautam Budh Nagar,Uttar Pradesh,267.0,JSS Academy of Technical Education,Q33980291,Tier 1: Wikipedia Page Image,https://upload.wikimedia.org/wikipedia/en/thumb/5/5f/Disambig_gray.svg/500px-Disambig_gray.svg.png,logos\jssate_noida_jss_academy_of_technical_education.png,Very High (Wikipedia)
MRCET Hyderabad - Malla Reddy College of Engineering and Technology,,Hyderabad,Telangana,281.0,Malla Reddy Engineering College,Q6744014,Tier 1: Wikipedia Page Image,https://upload.wikimedia.org/wikipedia/en/thumb/b/b4/Ambox_important.svg/500px-Ambox_important.svg.png,logos\mrcet_hyderabad_malla_reddy_college_of_engineering_and_technology.png,Very High (Wikipedia)
MITS Ernakulam - Muthoot Institute of Technology and Science,,Puthencruz,Kerala,283.0,Manipal Institute of Technology,Q6749812,Tier 1: Wikipedia Infobox,https://upload.wikimedia.org/wikipedia/en/b/be/Manipal_Tech_new_logo.png,logos\mits_ernakulam_muthoot_institute_of_technology_and_science.png,Very High (Wikipedia)
"DIT University, Dehradun",,"Doiwala, Dehradun",Uttarakhand,179.0,List of private universities in India,Q6634971,Tier 1: Wikipedia Page Image,https://upload.wikimedia.org/wikipedia/commons/thumb/5/53/Ambox_current_red_Americas.svg/500px-Ambox_current_red_Americas.svg.png,logos\dit_university_dehradun.png,Very High (Wikipedia)
UPES Dehradun - University of Petroleum and Energy Studies,,Dehradun,Uttarakhand,59.0,,,Tier 7: Common Path,https://www.dsu.edu.in/images/logo.png,logos\upes_dehradun_university_of_petroleum_and_energy_studies.png,Medium
